Kayla Alpert,extra
Gail Berman,extra
Tim Burton,extra
Jonathan Glickman,extra
Carla González Vargas,extra
Alfred Gough,extra
Tommy Harper,extra
Nick Iannelli,extra
Kevin Lafferty,extra
Miles Millar,extra
David Minkowski,extra
Kevin Miserocchi,extra
Andrew Mittman,extra
Carmen Pepelea,extra
Steve Stark,extra
Natalie Testa,extra
Todd Williams,extra
Jenna Ortega,actor
Gwendoline Christie,actor
Riki Lindhome,actor
Jamie McShane,actor
Hunter Doohan,actor
Percy Hynes White,actor
Emma Myers,actor
Joy Sunday,actor
Georgie Farmer,actor
Christina Ricci,actor
Naomi J. Ogawa,actor
Oliver Watson,actor
Victor Dorobantu,actor
Moosa Mostafa,actor
Luyanda Unati Lewis-Nyawo,actor
Daniel Himschoot,actor
Iman Marson,actor
Calum Ross,actor
Cezar Grumazescu,actor
George Burcea,actor
Morgan Beale,actor
Islam Bouakkaz,actor
Tommie Earl Jenkins,actor
Catherine Zeta-Jones,actor
Luis Guzmán,actor
Isaac Ordonez,actor
William Houston,actor
Karina Varadi,actor
Rina Mahoney,actor
Georgia Goodman,actor
Murray McArthur,actor
Fred Armisen,actor
Olimpia Malai,actor
Nitin Ganatra,actor
Lucius Hoyos,actor
Max Pemberton,actor
Cheherezade Valentine Okotaka Ebale,actor
Oliver Wickham,actor
James Clay,actor
Ismail Kesu,actor
Edward Kennedy,actor
Caroline Lawrie,actor
Lachele Carl,actor
Gwen Jones,actor
Lisa O'Hare,actor
Sophia Nomvete,actor
Ichirô Yûki,actor
Amanda Drew,actor
Ryan Ellsworth,actor
Gloria Garcia,actor
Gracy Goldman,actor
Lewis Hayes,actor
Philip Rosch,actor
Horia Bazavan,actor
Chloe Cate,actor
Simon Furness,actor
Camelia Firea,figuration
Daniela Albu,figuration
Ada Lucaciu,figuration
Costin Holban,figuration
Madalin Calinescu,figuration
Camelia Almasan,figuration
Ionel Margineanu,figuration
Camelia Firea,figuration
Costin Marinescu,figuration
Bianca Deac,figuration
Abel Hanganu,figuration
Ada Marinescu,figuration
Ada Besoiu,figuration
Arina Lucescu,figuration
Draga Besoiu,figuration
Abel Calinescu,figuration
Camelia Calinescu,figuration
Beatrice Holban,figuration
Leonard Gaitan,figuration
Beatrice Fatu,figuration
Madalin Gaitan,figuration
Beatrice Marinescu,figuration
Arina Lucescu,figuration
Ionela Margineanu,figuration
Camelia Dascalu,figuration
Madalin Margineanu,figuration
Benjamin Besoiu,figuration
Beatrice Holban,figuration
Abel Deac,figuration
Leonard Marinescu,figuration
Leonard Lucaciu,figuration
Ionela Marinescu,figuration
Arina Fatu,figuration
Anabela Nastase,figuration
Anabela Cadantu,figuration
Nelu Calinescu,figuration
Benjamin Bercea,figuration
Anabela Fatu,figuration
Albertina Dascalu,figuration
Daniela Cadantu,figuration
Camelia Holban,figuration
Daniela Firea,figuration
Daniela Lucaciu,figuration
Madalin Hanganu,figuration
Ionela Lucaciu,figuration
Benjamin Gaitan,figuration
Ionela Fatu,figuration
Bianca Cadantu,figuration
Darius Gaitan,figuration
Ionel Ganea,figuration
Benjamin Margineanu,figuration
Draga Deac,figuration
Nelu Ganea,figuration
Leonard Dascalu,figuration
Leonard Fatu,figuration
Leonard Gaitan,figuration
Darius Dascalu,figuration
Camelia Calinescu,figuration
Camelia Albu,figuration
Nelu Lucescu,figuration
Madalin Ganea,figuration
Ionel Almasan,figuration
Leonard Bercea,figuration
Camelia Besoiu,figuration
Ionel Ganea,figuration
Arina Marinescu,figuration
Ada Lucescu,figuration
Camelia Holban,figuration
Draga Lucescu,figuration
Albertina Cadantu,figuration
Draga Lucaciu,figuration
Arina Calinescu,figuration
Ecaterina Fatu,figuration
Ionel Dascalu,figuration
Leonard Nastase,figuration
Benjamin Gaitan,figuration
Ada Hanganu,figuration
Beatrice Deac,figuration
Ionel Ganea,figuration
Ionela Deac,figuration
Anabela Holban,figuration
Ionel Ganea,figuration
Draga Calinescu,figuration
Beatrice Gaitan,figuration
Ionela Deac,figuration
Daniela Calinescu,figuration
Bianca Almasan,figuration
Ionel Albu,figuration
Beatrice Albu,figuration
Ionel Besoiu,figuration
Draga Albu,figuration
Ecaterina Firea,figuration
Nelu Gaitan,figuration
Darius Fatu,figuration
Ionel Marinescu,figuration
Abel Dascalu,figuration
Ecaterina Margineanu,figuration
Draga Calinescu,figuration
Beatrice Lucescu,figuration
Abel Albu,figuration
Madalin Calinescu,figuration
Camelia Marinescu,figuration
Ionela Besoiu,figuration
Draga Margineanu,figuration
Bianca Fatu,figuration
Nelu Gaitan,figuration
Daniela Marinescu,figuration
Ecaterina Lucaciu,figuration
Ionel Cadantu,figuration
Daniela Lucescu,figuration
Ada Lucaciu,figuration
Nelu Calinescu,figuration
Anabela Firea,figuration
Darius Hanganu,figuration
Beatrice Dascalu,figuration
Nelu Calinescu,figuration
Daniela Margineanu,figuration
Nelu Almasan,figuration
Costin Marinescu,figuration
Arina Ganea,figuration
Darius Cadantu,figuration
Costin Gaitan,figuration
Bianca Besoiu,figuration
Madalin Gaitan,figuration
Arina Margineanu,figuration
Leonard Almasan,figuration
Beatrice Calinescu,figuration
Madalin Calinescu,figuration
Ada Fatu,figuration
Draga Hanganu,figuration
Madalin Gaitan,figuration
Beatrice Lucaciu,figuration
