Kayla Alpert,extins
Gail Berman,extins
Tim Burton,extins
Jonathan Glickman,extins
Carla González Vargas,extins
Alfred Gough,extins
Tommy Harper,extins
Nick Iannelli,extins
Kevin Lafferty,extins
Miles Millar,extins
David Minkowski,extins
Kevin Miserocchi,extins
Andrew Mittman,extins
Carmen Pepelea,extins
Steve Stark,extins
Natalie Testa,extins
Todd Williams,extins
Jenna Ortega,actor
Gwendoline Christie,actor
Riki Lindhome,actor
Jamie McShane,actor
Hunter Doohan,actor
Percy Hynes White,actor
Emma Myers,actor
Joy Sunday,actor
Georgie Farmer,actor
Christina Ricci,actor
Naomi J. Ogawa,actor
Oliver Watson,actor
Victor Dorobantu,actor
Moosa Mostafa,actor
Luyanda Unati Lewis-Nyawo,actor
Daniel Himschoot,actor
Iman Marson,actor
Calum Ross,actor
Cezar Grumazescu,actor
George Burcea,actor
Morgan Beale,actor
Islam Bouakkaz,actor
Tommie Earl Jenkins,actor
Catherine Zeta-Jones,actor
Luis Guzmán,actor
Isaac Ordonez,actor
William Houston,actor
Karina Varadi,actor
Rina Mahoney,actor
Georgia Goodman,actor
Murray McArthur,actor
Fred Armisen,actor
Olimpia Malai,actor
Nitin Ganatra,actor
Lucius Hoyos,actor
Max Pemberton,actor
Cheherezade Valentine Okotaka Ebale,actor
Oliver Wickham,actor
James Clay,actor
Ismail Kesu,actor
Edward Kennedy,actor
Caroline Lawrie,actor
Lachele Carl,actor
Gwen Jones,actor
Lisa O'Hare,actor
Sophia Nomvete,actor
Ichirô Yûki,actor
Amanda Drew,actor
Ryan Ellsworth,actor
Gloria Garcia,actor
Gracy Goldman,actor
Lewis Hayes,actor
Philip Rosch,actor
Horia Bazavan,actor
Chloe Cate,actor
Simon Furness,actor
Camelia Firea,figuratie
Daniela Albu,figuratie
Ada Lucaciu,figuratie
Costin Holban,figuratie
Madalin Calinescu,figuratie
Camelia Almasan,figuratie
Ionel Margineanu,figuratie
Camelia Firea,figuratie
Costin Marinescu,figuratie
Bianca Deac,figuratie
Abel Hanganu,figuratie
Ada Marinescu,figuratie
Ada Besoiu,figuratie
Arina Lucescu,figuratie
Draga Besoiu,figuratie
Abel Calinescu,figuratie
Camelia Calinescu,figuratie
Beatrice Holban,figuratie
Leonard Gaitan,figuratie
Beatrice Fatu,figuratie
Madalin Gaitan,figuratie
Beatrice Marinescu,figuratie
Arina Lucescu,figuratie
Ionela Margineanu,figuratie
Camelia Dascalu,figuratie
Madalin Margineanu,figuratie
Benjamin Besoiu,figuratie
Beatrice Holban,figuratie
Abel Deac,figuratie
Leonard Marinescu,figuratie
Leonard Lucaciu,figuratie
Ionela Marinescu,figuratie
Arina Fatu,figuratie
Anabela Nastase,figuratie
Anabela Cadantu,figuratie
Nelu Calinescu,figuratie
Benjamin Bercea,figuratie
Anabela Fatu,figuratie
Albertina Dascalu,figuratie
Daniela Cadantu,figuratie
Camelia Holban,figuratie
Daniela Firea,figuratie
Daniela Lucaciu,figuratie
Madalin Hanganu,figuratie
Ionela Lucaciu,figuratie
Benjamin Gaitan,figuratie
Ionela Fatu,figuratie
Bianca Cadantu,figuratie
Darius Gaitan,figuratie
Ionel Ganea,figuratie
Benjamin Margineanu,figuratie
Draga Deac,figuratie
Nelu Ganea,figuratie
Leonard Dascalu,figuratie
Leonard Fatu,figuratie
Leonard Gaitan,figuratie
Darius Dascalu,figuratie
Camelia Calinescu,figuratie
Camelia Albu,figuratie
Nelu Lucescu,figuratie
Madalin Ganea,figuratie
Ionel Almasan,figuratie
Leonard Bercea,figuratie
Camelia Besoiu,figuratie
Ionel Ganea,figuratie
Arina Marinescu,figuratie
Ada Lucescu,figuratie
Camelia Holban,figuratie
Draga Lucescu,figuratie
Albertina Cadantu,figuratie
Draga Lucaciu,figuratie
Arina Calinescu,figuratie
Ecaterina Fatu,figuratie
Ionel Dascalu,figuratie
Leonard Nastase,figuratie
Benjamin Gaitan,figuratie
Ada Hanganu,figuratie
Beatrice Deac,figuratie
Ionel Ganea,figuratie
Ionela Deac,figuratie
Anabela Holban,figuratie
Ionel Ganea,figuratie
Draga Calinescu,figuratie
Beatrice Gaitan,figuratie
Ionela Deac,figuratie
Daniela Calinescu,figuratie
Bianca Almasan,figuratie
Ionel Albu,figuratie
Beatrice Albu,figuratie
Ionel Besoiu,figuratie
Draga Albu,figuratie
Ecaterina Firea,figuratie
Nelu Gaitan,figuratie
Darius Fatu,figuratie
Ionel Marinescu,figuratie
Abel Dascalu,figuratie
Ecaterina Margineanu,figuratie
Draga Calinescu,figuratie
Beatrice Lucescu,figuratie
Abel Albu,figuratie
Madalin Calinescu,figuratie
Camelia Marinescu,figuratie
Ionela Besoiu,figuratie
Draga Margineanu,figuratie
Bianca Fatu,figuratie
Nelu Gaitan,figuratie
Daniela Marinescu,figuratie
Ecaterina Lucaciu,figuratie
Ionel Cadantu,figuratie
Daniela Lucescu,figuratie
Ada Lucaciu,figuratie
Nelu Calinescu,figuratie
Anabela Firea,figuratie
Darius Hanganu,figuratie
Beatrice Dascalu,figuratie
Nelu Calinescu,figuratie
Daniela Margineanu,figuratie
Nelu Almasan,figuratie
Costin Marinescu,figuratie
Arina Ganea,figuratie
Darius Cadantu,figuratie
Costin Gaitan,figuratie
Bianca Besoiu,figuratie
Madalin Gaitan,figuratie
Arina Margineanu,figuratie
Leonard Almasan,figuratie
Beatrice Calinescu,figuratie
Madalin Calinescu,figuratie
Ada Fatu,figuratie
Draga Hanganu,figuratie
Madalin Gaitan,figuratie
Beatrice Lucaciu,figuratie
