Jenna Ortega,actor
Gwendoline Christie,actor
Riki Lindhome,actor
Jamie McShane,actor
Hunter Doohan,actor
Percy Hynes White,actor
Emma Myers,actor
Joy Sunday,actor
Georgie Farmer,actor
Christina Ricci,actor
Naomi J. Ogawa,actor
Oliver Watson,actor
Victor Dorobantu,actor
Moosa Mostafa,actor
Luyanda Unati Lewis-Nyawo,actor
Daniel Himschoot,actor
Iman Marson,actor
Calum Ross,actor
Cezar Grumazescu,actor
George Burcea,actor
Morgan Beale,actor
Islam Bouakkaz,actor
Tommie Earl Jenkins,actor
Catherine Zeta-Jones,actor
Luis Guzmán,actor
Isaac Ordonez,actor
William Houston,actor
Karina Varadi,actor
Rina Mahoney,actor
Georgia Goodman,actor
Murray McArthur,actor
Fred Armisen,actor
Olimpia Malai,actor
Nitin Ganatra,actor
Lucius Hoyos,actor
Max Pemberton,actor
Cheherezade Valentine Okotaka Ebale,actor
Oliver Wickham,actor
James Clay,actor
Ismail Kesu,actor
Edward Kennedy,actor
Caroline Lawrie,actor
Lachele Carl,actor
Gwen Jones,actor
Lisa O'Hare,actor
Sophia Nomvete,actor
Ichirô Yûki,actor
Amanda Drew,actor
Ryan Ellsworth,actor
Gloria Garcia,actor
Gracy Goldman,actor
Lewis Hayes,actor
Philip Rosch,actor
Horia Bazavan,actor
Chloe Cate,actor
Simon Furness,actor
Kayla Alpert,extins
Gail Berman,extins
Tim Burton,extins
Jonathan Glickman,extins
Carla González Vargas,extins
Alfred Gough,extins
Tommy Harper,extins
Nick Iannelli,extins
Kevin Lafferty,extins
Miles Millar,extins
David Minkowski,extins
Kevin Miserocchi,extins
Andrew Mittman,extins
Carmen Pepelea,extins
Steve Stark,extins
Natalie Testa,extins
Todd Williams,extins